models,roc_aucs,recalls
LogisticRegression,0.7573766557773914,0.7191901408450704
RandomForest,0.7044700115201082,0.5950704225352113
SupportVector,0.7535849906454688,0.7121478873239436
DecisionTree,0.7029820504776336,0.5950704225352113
XGBClassifier,0.7754517625638401,0.7860915492957746
KNeighbors,0.6077798516230397,0.25704225352112675
